{
  "formatVersion": 1,
  "database": {
    "version": 1,
    "identityHash": "182e293895dccfd91e85e652ec7c375e",
    "entities": [
      {
        "tableName": "Post",
        "createSql": "CREATE TABLE IF NOT EXISTS `${TABLE_NAME}` (`content` TEXT NOT NULL, `created_at` INTEGER NOT NULL, `post_id` TEXT NOT NULL, PRIMARY KEY(`post_id`))",
        "fields": [
          {
            "fieldPath": "content",
            "columnName": "content",
            "affinity": "TEXT",
            "notNull": true
          },
          {
            "fieldPath": "timestamp",
            "columnName": "created_at",
            "affinity": "INTEGER",
            "notNull": true
          },
          {
            "fieldPath": "id",
            "columnName": "post_id",
            "affinity": "TEXT",
            "notNull": true
          }
        ],
        "primaryKey": {
          "columnNames": [
            "post_id"
          ],
          "autoGenerate": false
        },
        "indices": [],
        "foreignKeys": []
      }
    ],
    "setupQueries": [
      "CREATE TABLE IF NOT EXISTS room_master_table (id INTEGER PRIMARY KEY,identity_hash TEXT)",
      "INSERT OR REPLACE INTO room_master_table (id,identity_hash) VALUES(42, \"182e293895dccfd91e85e652ec7c375e\")"
    ]
  }
}